Page ascore,Source title,Source url,Target url,Anchor,External links,Internal links,Nofollow,Sponsored,Ugc,Text,Frame,Form,Image,Sitewide,First seen,Last seen,New link,Lost link
67,Site officiel de Maillezais,http://www.maillezais.fr/,https://gnau42.operis.fr/paysfontenayvendee/gnau,foundation Dépôt de vos déclarations de travaux,2,62,false,false,false,true,false,false,false,false,2025-05-30,2025-05-30,false,false
52,Mairie d'Auchel,http://www.auchel.fr/,https://gnau42.operis.fr/auchel/gnau,Demarches Urbanisme,5,46,false,false,false,true,false,false,false,false,2024-08-24,2025-08-06,false,false
50,Cinéma en salle Savonnière par Les Prairiales - Ville d'Épernon,https://ville-epernon.fr/cinema/,https://gnau42.operis.fr/epernon/gnau/#/,– Démarches d’urbanisme en ligne,11,141,false,false,false,true,false,false,false,true,2024-09-17,2025-07-16,false,false
34,Mairie d'Auchel,https://www.auchel.fr/,https://gnau42.operis.fr/auchel/gnau,Demarches Urbanisme,5,46,false,false,false,true,false,false,false,false,2024-08-29,2025-08-03,false,false
30,Accueil - Commune de Brecé (53),https://www.brece.com/,https://gnau42.operis.fr/bocagemayennais/gnau/#/,,13,138,false,false,false,false,false,false,true,false,2025-02-06,2025-02-26,false,false
30,Accueil - Commune de Brecé (53),https://www.brece.com/,https://gnau42.operis.fr/bocagemayennais/gnau/#/,DÉCLARATION EN LIGNE,13,138,false,false,false,true,false,false,false,false,2025-02-06,2025-02-26,false,false
30,Accueil - Commune de Brecé (53),https://www.brece.com/,https://gnau42.operis.fr/bocagemayennais/gnau/#/,https://gnau42.operis.fr/bocagemayennais/gnau/#/,13,138,false,false,false,true,false,false,false,false,2025-02-06,2025-02-26,false,false
18,,https://tinyurl.com/CCPU-GNAU,https://gnau42.operis.fr/paysuzerche/gnau/,,0,0,false,false,false,true,false,false,false,false,2025-08-02,2025-08-02,true,false
16,Site officiel de Saint-Pierre-du-Chemin,http://saintpierreduchemin.fr/,https://gnau42.operis.fr/paysfontenayvendee/gnau/#/,location_city Urbanisme,5,73,false,false,false,true,false,false,false,false,2025-07-28,2025-07-28,true,false
16,Commune d'Ervauville,https://commune-ervauville.fr/fr/,https://gnau42.operis.fr/clerybetzouanne/gnau/#/,Guichet Numérique des Autorisations d’Urbanisme (GNAU),7,50,false,false,false,true,false,false,false,true,2025-01-12,2025-07-27,false,false
13,COURSE D'ORIENTATION EVBC,https://app.panneaupocket.com/ville/1130283343-saint-pierre-du-chemin-85120?panneau=21605083,https://gnau42.operis.fr/paysfontenayvendee/gnau,https://gnau42.operis.fr/paysfontenayvendee/gnau,21,32,false,false,false,true,false,false,false,false,2025-02-08,2025-05-14,false,false
13,Mairie Chevry-Sous-Le-Bignon (FR-45) âš ï¸ Alertes & informations municipales,https://app.panneaupocket.com/ville/1346825253-chevry-sous-le-bignon-45210,https://gnau42.operis.fr/clerybetzouanne/gnau/#/,https://gnau42.operis.fr/clerybetzouanne/gnau/#/,58,86,false,false,false,true,false,false,false,false,2025-02-17,2025-03-20,false,true
13,CHANGEMENT DU JOUR POUR RAMASSAGE POUBELLES !!,https://app.panneaupocket.com/ville/1346825253-chevry-sous-le-bignon-45210?panneau=1788897239,https://gnau42.operis.fr/clerybetzouanne/gnau/#/,https://gnau42.operis.fr/clerybetzouanne/gnau/#/,21,75,false,false,false,true,false,false,false,false,2025-02-23,2025-04-16,false,true
10,Dépôt de vos demandes d'urbanisme - Fougerolles-du-Plessis,https://www.intramuros.org/fougerolles-du-plessis/page/depot-de-vos-demandes-durbanisme,https://gnau42.operis.fr/bocagemayennais/gnau/#/,https://gnau42.operis.fr/bocagemayennais/gnau/#/,4,16,false,false,false,true,false,false,false,false,2025-05-22,2025-08-03,false,false
9,Urbanisme | Ville de Mios,https://www.villemios.fr/vie-municipale/urbanisme/,https://gnau42.operis.fr/mios/gnau,SE CONNECTER,14,243,false,false,false,true,false,false,false,false,2024-09-24,2025-07-03,false,false
7,"Carte: Habitants - Revenu moyen / Commune : Brecé - 53120 : avis, cartes et statistiques",http://www.kelquartier.com/pays_de_la_loire_mayenne_commune_brece_53120-c53042/revenu_moyen.html,https://gnau42.operis.fr/bocagemayennais/gnau/#/,https://gnau42.operis.fr/bocagemayennais/gnau/#/,31,260,false,false,false,true,false,false,false,false,2025-01-28,2025-03-23,false,false
7,"Carte: Habitants - Revenu moyen / Commune : Brecé - 53120 : avis, cartes et statistiques",http://www.kelquartier.com/pays_de_la_loire_mayenne_commune_brece_53120-c53042/revenu_moyen.html,https://gnau42.operis.fr/bocagemayennais/gnau/#/,DÉCLARATION EN LIGNE,31,260,false,false,false,true,false,false,false,false,2025-01-28,2025-03-23,false,false
7,"Carte: Habitants - Revenu moyen / Commune : Brecé - 53120 : avis, cartes et statistiques",http://www.kelquartier.com/pays_de_la_loire_mayenne_commune_brece_53120-c53042/revenu_moyen.html,https://gnau42.operis.fr/bocagemayennais/gnau/#/,,31,260,false,false,false,false,false,false,true,false,2025-01-28,2025-03-23,false,false
7,L’urba en un clic ! | Ville de Mios,http://www.villemios.fr/lurba-en-un-clic/,https://gnau42.operis.fr/mios/gnau,https://gnau42.operis.fr/mios/gnau,12,152,false,false,false,true,false,false,false,false,2024-09-21,2025-07-26,false,false
7,Urbanisme | Ville de Mios,http://www.villemios.fr/vie-municipale/urbanisme/,https://gnau42.operis.fr/mios/gnau,SE CONNECTER,14,243,false,false,false,true,false,false,false,false,2024-09-24,2025-07-03,false,false
7,Autorisations d'urbanisme : pensez au guichet numérique - Mer,https://mer41.fr/actualite/autorisations-durbanisme-pensez-au-guichet-numerique/,https://gnau42.operis.fr/grandchambord/gnau/?ref=Beauce#/,Demandez une autorisation,6,143,false,false,false,true,false,false,false,false,2025-01-09,2025-05-07,false,false
6,Mairie d'Auchel,http://www.auchel.fr/?ns=9&num_service=19,https://gnau42.operis.fr/auchel/gnau,Demarches Urbanisme,5,44,false,false,false,true,false,false,false,false,2024-08-22,2025-02-16,false,false
6,Urbanisme,http://www.ville-bazas.fr/urbanisme/,https://gnau42.operis.fr/bazas/gnau/,,6,46,false,false,false,false,false,false,true,false,2025-01-26,2025-07-28,false,false
6,Dépôt en ligne des autorisations d'urbanisme - CC 3CBO (45),https://3cbo.fr/depot-en-ligne-des-autorisations-durbanisme/,https://gnau42.operis.fr/clerybetzouanne/gnau/#/,Guichet Numérique des Autorisations d’Urbanisme,5,49,false,false,false,true,false,false,false,false,2025-08-05,2025-08-05,true,false
6,Urbanisme - Communauté de Communes de Beauce Val de Loire,https://www.beaucevaldeloire.fr/mon-quotidien/urbanisme/,https://gnau42.operis.fr/grandchambord/gnau/?ref=Beauce#/,"Pour demander une autorisation, cliquez ici",5,39,false,false,false,true,false,false,false,false,2024-12-30,2025-08-02,false,false
6,Actualités - Nouveauté : Guichet numérique des autorisations d'urbanisme - Bocage Mayennais,https://www.bocage-mayennais.fr/bocage-mayennais_actualites_nouveaute-guichet-numerique-des-autorisations-d-urbanisme.phtml,https://gnau42.operis.fr/bocagemayennais/gnau/#/,,4,80,false,false,false,false,false,false,true,false,2023-08-09,2025-07-27,false,false
6,Vos démarches d'urbanisme dans le Bocage Mayennais,https://www.bocage-mayennais.fr/bocage-mayennais_au-quotidien_urbanisme-et-amenagement_vos-demarches-d-urbanisme.phtml,https://gnau42.operis.fr/bocagemayennais/gnau/#/,,7,76,false,false,false,false,false,false,true,false,2024-04-17,2025-07-06,false,true
6,Autorisations d'urbanisme : pensez au guichet numérique - Mer,https://www.mer41.fr/actualite/autorisations-durbanisme-pensez-au-guichet-numerique/,https://gnau42.operis.fr/grandchambord/gnau/?ref=Beauce#/,Demandez une autorisation,6,143,false,false,false,true,false,false,false,false,2025-03-07,2025-06-25,false,false
6,Démarches d'urbanisme,https://www.vernouillet28.fr/cadre-vie/urbanisme/demarches-durbanisme,https://gnau42.operis.fr/vernouillet/gnau/#/,Je dépose ma démarche d'urbanisme en ligne,4,121,false,false,false,true,false,false,false,false,2024-09-25,2025-07-31,false,false
6,Formulaires et réglementation d'urbanisme à Vernouillet,https://www.vernouillet28.fr/cadre-vie/urbanisme/formulaire-reglementation,https://gnau42.operis.fr/vernouillet/gnau/#/,notre guichet unique,5,120,false,false,false,true,false,false,false,false,2024-09-22,2025-07-29,false,false
6,Urbanisme,https://www.ville-bazas.fr/urbanisme/,https://gnau42.operis.fr/bazas/gnau/,,6,46,false,false,false,false,false,false,true,false,2025-01-30,2025-07-31,false,false
5,ğ”ğğ„ ğğ„ğ‘ğŒğ€ğğ„ğğ‚ğ„ ğ”ğ‘ğğ€ğğˆğ’ğŒğ„ ğğğ”ğ‘ ğ•ğğ”ğ’ ğ€ğˆğƒğ„ğ‘ ğƒğ€ğğ’ ğ•ğğ’ ğğ‘ğğ‰ğ„ğ“ğ’ | La Chataigneraie â€“ Site internet de la Mairie,https://lachataigneraie.eu/%F0%9D%90%94%F0%9D%90%8D%F0%9D%90%84-%F0%9D%90%8F%F0%9D%90%84%F0%9D%90%91%F0%9D%90%8C%F0%9D%90%80%F0%9D%90%8D%F0%9D%90%84%F0%9D%90%8D%F0%9D%90%82%F0%9D%90%84-%F0%9D%90%94%F0%9D%90%91%F0%9D%90%81/,https://gnau42.operis.fr/paysfontenayvendee/gnau/#/,portail de dÃ©pÃ´t dÃ©matÃ©rialisÃ©,5,64,false,false,false,true,false,false,false,false,2024-09-19,2025-07-28,false,false
5,OUVERTURE GUICHET NUMÉRIQUE DES AUTORISATIONS D’URBANISME (GNAU) | La Chataigneraie – Site internet de la Mairie,https://lachataigneraie.eu/ouverture-guichet-numerique-des-autorisations-durbanisme-gnau/,https://gnau42.operis.fr/paysfontenayvendee/gnau/#/,Accéder au service GNAU,5,63,false,false,false,true,false,false,false,false,2024-09-22,2025-07-26,false,false
5,Urbanisme – GNAU – OPAH-RU – PLUiH – Guichet Unique – Voirie | La Chataigneraie – Site internet de la Mairie,https://lachataigneraie.eu/vie-pratique/urbanisme/,https://gnau42.operis.fr/paysfontenayvendee/gnau/#/,Accéder au service GNAU,17,65,false,false,false,true,false,false,false,false,2024-09-27,2025-08-03,false,false
5,Urbanisme – Bienvenue à Saint-Symphorien 33113,https://mairie-saint-symphorien-gironde.fr/index.php/urbanisme/,https://gnau42.operis.fr/saintsymphorien/gnau/#/,Retrouvez ici le lien du Guichet Numérique des Autorisations d’Urbanisme.,8,73,false,false,false,true,false,false,false,false,2023-07-30,2025-08-03,false,false
5,Effectuer une démarche en ligne - Mer,https://mer41.fr/demarche-en-ligne-urbanisme/,https://gnau42.operis.fr/grandchambord/gnau/?ref=Beauce#/,DEMANDEZ UNE AUTORISATION,7,153,false,false,false,true,false,false,false,false,2025-03-07,2025-08-03,false,false
5,Le service Instruction des Autorisations d'Urbanisme - Communauté de communes du Grand Chambord,https://www.grandchambord.fr/services-au-quotidien/urbanisme/instruction-des-autorisationsdurbanisme/,https://gnau42.operis.fr/grandchambord/gnau/#/,(GNAU),18,37,false,false,false,true,false,false,false,false,2023-09-15,2025-07-31,false,false
5,Le service Instruction des Autorisations d'Urbanisme - Communauté de communes du Grand Chambord,https://www.grandchambord.fr/services-au-quotidien/urbanisme/instruction-des-autorisationsdurbanisme/,https://gnau42.operis.fr/grandchambord/gnau/#/,Guichet Numérique des Autorisations d'Urbanisme gnau42.operis.fr,18,37,false,false,false,true,false,false,false,false,2023-02-25,2025-07-31,false,false
5,Le service Instruction des Autorisations d'Urbanisme - Communauté de communes du Grand Chambord,https://www.grandchambord.fr/services-au-quotidien/urbanisme/instruction-des-autorisationsdurbanisme/,https://gnau42.operis.fr/grandchambord/gnau/#/,Guichet Numérique des Autorisations d’Urbanisme,18,37,false,false,false,true,false,false,false,false,2023-02-25,2025-07-31,false,false
5,Droits & Démarches - Mairie de Mervent,https://www.mervent.fr/services/droits-demarches/,https://gnau42.operis.fr/paysfontenayvendee/gnau,https://gnau42.operis.fr/paysfontenayvendee/gnau,18,42,false,false,false,true,false,false,false,false,2024-04-26,2025-07-03,false,true
4,Autorisations d'urbanisme - Bazoges en Pareds,https://bazoges-en-pareds.fr/en/rb/153649/autorisations-durbanisme,https://gnau42.operis.fr/paysfontenayvendee/gnau,https://gnau42.operis.fr/paysfontenayvendee/gnau,13,89,false,false,false,true,false,false,false,false,2025-01-11,2025-08-01,false,false
4,Autorisations d'urbanisme - Bazoges en Pareds,https://bazoges-en-pareds.fr/en/rb/153649/autorisations-durbanisme,https://gnau42.operis.fr/paysfontenayvendee/gnau,travaux - libre de droit.jpg,13,89,false,false,false,false,false,false,true,false,2025-01-11,2025-08-01,false,false
4,Autorisations d'urbanisme - Bazoges en Pareds,https://bazoges-en-pareds.fr/fr/rb/153649/autorisations-durbanisme,https://gnau42.operis.fr/paysfontenayvendee/gnau,https://gnau42.operis.fr/paysfontenayvendee/gnau,13,88,false,false,false,true,false,false,false,false,2025-01-13,2025-08-03,false,false
4,Service urbanisme de Courtenay,https://courtenay45.fr/votre-mairie/urbanisme,https://gnau42.operis.fr/clerybetzouanne/gnau/#/,https://gnau42.operis.fr/clerybetzouanne/gnau/#/,10,106,false,false,false,true,false,false,false,false,2025-01-21,2025-07-20,false,false
4,URBANISME - Commune Le Mazeau,https://mairielemazeau.fr/fr/rb/1414883/urbanisme-378,https://gnau42.operis.fr/paysfontenayvendee/gnau/#/,,13,62,false,false,false,false,false,false,true,false,2025-03-25,2025-08-05,false,false
4,Service urbanisme de Courtenay,https://www.courtenay45.fr/votre-mairie/urbanisme,https://gnau42.operis.fr/clerybetzouanne/gnau/#/,https://gnau42.operis.fr/clerybetzouanne/gnau/#/,10,106,false,false,false,true,false,false,false,false,2025-01-09,2025-07-30,false,false
4,URBANISME - Commune Le Mazeau,https://www.mairielemazeau.fr/fr/rb/1414883/urbanisme-378,https://gnau42.operis.fr/paysfontenayvendee/gnau/#/,,13,62,false,false,false,false,false,false,true,false,2025-03-27,2025-08-07,false,false
3,Démarches à effectuer | Ambrières-Les-Vallées,http://ambriereslesvallees.fr/demarches-a-effectuer,https://gnau42.operis.fr/bocagemayennais/gnau/#/,https://gnau42.operis.fr/bocagemayennais/gnau/#/,11,59,false,false,false,true,false,false,false,false,2025-01-22,2025-08-01,false,false
3,Démarches à effectuer | Ambrières-Les-Vallées,http://ambriereslesvallees.fr/index.php/demarches-a-effectuer,https://gnau42.operis.fr/bocagemayennais/gnau/#/,https://gnau42.operis.fr/bocagemayennais/gnau/#/,11,54,false,false,false,true,false,false,false,false,2025-02-06,2025-07-18,false,false
3,PLU / Carte communale - Commune de Douchy-Montcorbon,https://douchy-montcorbon.fr/fr/rb/1629045/plu-carte-communale,https://gnau42.operis.fr/clerybetzouanne/gnau/#/,Guichet Numérique des Autorisations d'Urbanisme (GNAU),10,42,false,false,false,true,false,false,false,false,2025-01-10,2025-08-02,false,false
3,Nouveauté : dépôt des demandes d'autorisation d'urbanisme - Mairie de L'Orbrie,https://lorbrie.fr/nouveaute-depot-des-demandes-dautorisation-durbanisme/,https://gnau42.operis.fr/paysfontenayvendee/gnau,https://gnau42.operis.fr/paysfontenayvendee/gnau,3,65,false,false,false,true,false,false,false,false,2025-01-15,2025-08-02,false,false
3,URBANISME - Commune Le Mazeau,https://mairielemazeau.fr/fr/rb/1414883/urbanisme-378,https://gnau42.operis.fr/paysfontenayvendee/gnau,https://gnau42.operis.fr/paysfontenayvendee/gnau,12,61,false,false,false,true,false,false,false,false,2024-04-28,2025-04-04,false,true
3,Urbanisme – Mairie de Pissotte,https://pissotte.fr/vivre-a-pissotte/urbanisme/,https://gnau42.operis.fr/paysfontenayvendee/gnau/#/,Guichet Numérique des Autorisations d’Urbanisme.,6,62,false,false,false,true,false,false,false,false,2024-03-21,2025-02-24,false,true
3,PLU / Carte communale - Commune de Douchy-Montcorbon,https://www.douchy-montcorbon.fr/fr/rb/1629045/plu-carte-communale,https://gnau42.operis.fr/clerybetzouanne/gnau/#/,Guichet Numérique des Autorisations d'Urbanisme (GNAU),10,42,false,false,false,true,false,false,false,false,2025-02-09,2025-07-26,false,false
3,Des travaux chez moi - Huisseau-sur-cosson,https://www.huisseausurcosson.fr/mes-services-et-demarches/urbanisme/des-travaux-chez-moi/,https://gnau42.operis.fr/grandchambord/gnau/#/,GUICHET NUMÉRIQUE DES AUTORISATIONS D’URBANISME,10,104,false,false,false,true,false,false,false,false,2024-09-26,2025-07-30,false,false
3,Mon habitation - Montlivault,https://www.montlivault.fr/mes-services-et-demarches/urbanisme/mon-habitation/,https://gnau42.operis.fr/grandchambord/gnau/#/,https://gnau42.operis.fr/grandchambord/gnau/#/,7,80,false,false,false,true,false,false,false,false,2024-09-25,2025-07-30,false,false
3,Guichet Numérique des Autorisations d’Urbanisme (GNAU),https://www.vix.fr/article_popup_38_1_guichet-numerique-des-autorisations-d---urbanisme--gnau--_fr.html,https://gnau42.operis.fr/paysfontenayvendee/gnau,https://gnau42.operis.fr/paysfontenayvendee/gnau,3,0,false,false,false,true,false,false,false,false,2025-01-15,2025-07-18,false,false
3,Guichet Numérique des Autorisations d’Urbanisme (GNAU),https://www.vix.fr/article_popup_38_1_guichet-numerique-des-autorisations-d-urbanisme-gnau-_fr.html,https://gnau42.operis.fr/paysfontenayvendee/gnau,https://gnau42.operis.fr/paysfontenayvendee/gnau,3,0,false,false,false,true,false,false,false,false,2025-01-21,2025-07-23,false,false
2,Les démarches administratives - Cheffois - Site internet de la mairie,http://cheffois.com/la-vie-a-cheffois/les-demarches-administratives/,https://gnau42.operis.fr/paysfontenayvendee/gnau,https://gnau42.operis.fr/paysfontenayvendee/gnau,13,44,false,false,false,true,false,false,false,false,2025-05-04,2025-07-25,false,false
2,Guichet Unique des Autorisations d'Urbanisme - GNAU - COURTEMAUX,http://courtemaux.fr/guichet-unique-des-autorisations-durbanisme-gnau/,https://gnau42.operis.fr/clerybetzouanne/gnau/#/,https://gnau42.operis.fr/clerybetzouanne/gnau/#/,4,59,false,false,false,true,false,false,false,false,2025-01-22,2025-02-11,false,false
2,Urbanisme & Environnement | Mouilleron Saint Germain,http://mouilleronstgermain.com/mouilleron-saint-germain/urbanisme-environnement,https://gnau42.operis.fr/paysfontenayvendee/gnau,https://gnau42.operis.fr/paysfontenayvendee/gnau,3,88,false,false,false,true,false,false,false,false,2025-01-09,2025-07-31,false,false
2,Guichet Numérique des Autorisations d'Urbanisme (GNAU) | Mouilleron Saint Germain,http://mouilleronstgermain.com/urbanisme-environnement/guichet-numerique-autorisations-durbanisme-gnau,https://gnau42.operis.fr/paysfontenayvendee/gnau,https://gnau42.operis.fr/paysfontenayvendee/gnau,1,71,false,false,false,true,false,false,false,false,2025-01-21,2025-07-23,false,false
2,Guichet numérique des autorisations d’urbanisme (GNAU) | Mairie de Oisseau,http://oisseau.fr/guichet-numerique-des-autorisations-d%E2%80%99urbanisme-(gnau),https://gnau42.operis.fr/bocagemayennais/gnau,https://gnau42.operis.fr/bocagemayennais/gnau,4,38,false,false,false,true,false,false,false,false,2024-11-13,2025-05-25,false,false
2,Guichet numérique des autorisations d’urbanisme (GNAU) | Mairie de Oisseau,http://oisseau.fr/index.php/guichet-numerique-des-autorisations-d%E2%80%99urbanisme-(gnau),https://gnau42.operis.fr/bocagemayennais/gnau,https://gnau42.operis.fr/bocagemayennais/gnau,4,38,false,false,false,true,false,false,false,false,2024-10-18,2025-06-10,false,false
2,Urbanisme & Environnement | Mouilleron Saint Germain,http://www.mouilleronstgermain.com/mouilleron-saint-germain/urbanisme-environnement,https://gnau42.operis.fr/paysfontenayvendee/gnau,https://gnau42.operis.fr/paysfontenayvendee/gnau,3,88,false,false,false,true,false,false,false,false,2025-01-10,2025-07-31,false,false
2,GNAU - Bouillé-Courdault,https://bouille-courdault.com/urbanisme/gnau/,https://gnau42.operis.fr/paysfontenayvendee/gnau/#/,Accéder au Guichet Numérique des Autorisations d’Urbanisme,4,35,false,false,false,true,false,false,false,false,2024-09-28,2025-08-04,false,false
2,Guichet Numérique des Autorisations d’Urbanisme (GNAU) - Cheffois - Site internet de la mairie,https://cheffois.com/10576-2/,https://gnau42.operis.fr/paysfontenayvendee/gnau,https://gnau42.operis.fr/paysfontenayvendee/gnau,4,42,false,false,false,true,false,false,false,false,2025-03-18,2025-08-01,false,false
2,Guichet Numérique des Autorisations d’Urbanisme (GNAU) - Cheffois - Site internet de la mairie,https://cheffois.com/guichet-numerique-des-autorisations-durbanisme-gnau/,https://gnau42.operis.fr/paysfontenayvendee/gnau,https://gnau42.operis.fr/paysfontenayvendee/gnau,4,41,false,false,false,true,false,false,false,false,2025-01-23,2025-08-04,false,false
2,Certifications - Déclarations - Permis - Commune de Désertines (53),https://desertines53.fr/index.php/votre-mairie-au-quotidien/loisirs-vie-associative-2/certifications-declarations-permis,https://gnau42.operis.fr/bocagemayennais/gnau/#/,https://gnau42.operis.fr/bocagemayennais/gnau/#/,21,64,false,false,false,true,false,false,false,false,2025-02-03,2025-02-23,false,false
2,Certifications - Déclarations - Permis - Commune de Désertines (53),https://desertines53.fr/index.php/votre-mairie-au-quotidien/loisirs-vie-associative-2/certifications-declarations-permis/,https://gnau42.operis.fr/bocagemayennais/gnau/#/,https://gnau42.operis.fr/bocagemayennais/gnau/#/,21,64,false,false,false,true,false,false,false,false,2025-02-08,2025-03-01,false,false
2,PERMIS DE CONSTRUIRE - Commune de Désertines (53),https://desertines53.fr/index.php/votre-mairie-au-quotidien/loisirs-vie-associative-2/certifications-declarations-permis/60-permis-de-construire,https://gnau42.operis.fr/bocagemayennais/gnau/#/,https://gnau42.operis.fr/bocagemayennais/gnau/#/,12,59,false,false,false,true,false,false,false,false,2025-01-22,2025-03-04,false,false
2,Certification - Déclaration - Permis,https://ladoree53.fr/index.php/en/vivre-a-la-doree/urbanisme/certification-declaration-permis,https://gnau42.operis.fr/bocagemayennais/gnau/#/,https://gnau42.operis.fr/bocagemayennais/gnau/#/,16,57,false,false,false,true,false,false,false,false,2025-01-31,2025-02-21,false,false
2,Certification - Déclaration - Permis,https://ladoree53.fr/index.php/en/vivre-a-la-doree/urbanisme/certification-declaration-permis,https://gnau42.operis.fr/bocagemayennais/gnau/#/,Déclaration en ligne,16,57,false,false,false,true,false,false,false,false,2025-01-31,2025-02-21,false,false
2,Certification - Déclaration - Permis,https://ladoree53.fr/index.php/en/vivre-a-la-doree/urbanisme/certification-declaration-permis,https://gnau42.operis.fr/bocagemayennais/gnau/#/,,16,57,false,false,false,true,false,false,false,false,2025-01-31,2025-02-21,false,false
2,Urbanisme – Mairie de Pissotte,https://pissotte.fr/vivre-a-pissotte/urbanisme/,https://gnau42.operis.fr/paysfontenayvendee/gnau/#/,GNAU,5,65,false,false,false,true,false,false,false,false,2024-09-15,2025-07-24,false,false
2,Guichet numérique autorisation d’urbanisme - Commune de Saint-Germain-des-Prés,https://saint-germain-des-pres-loiret.fr/fr/rb/2254345/guichet-numerique-autorisation-durbanisme,https://gnau42.operis.fr/clerybetzouanne/gnau/#/,https://gnau42.operis.fr/clerybetzouanne/gnau/#/,2,58,false,false,false,true,false,false,false,false,2025-05-12,2025-08-06,false,false
2,Permis de démolir - Crouy-sur-cosson,https://www.crouysurcosson.fr/mes-services-et-demarches/urbanisme/permis-de-demolir/,https://gnau42.operis.fr/grandchambord/gnau/#/,Guichet Numérique des Autorisations d'Urbanisme gnau42.operis.fr,6,83,false,false,false,true,false,false,false,false,2023-10-07,2025-06-29,false,true
2,"Services, horaires et coordonnées – Landivy",https://www.landivy.fr/mairie/contactez-nous/,https://gnau42.operis.fr/bocagemayennais/gnau/,https://gnau42.operis.fr/bocagemayennais/gnau/,8,46,false,false,false,true,false,false,false,false,2023-07-17,2025-07-29,false,false
2,Vos démarches - Mairie de l'Hermenault,https://www.lhermenault.fr/horaires-vie-pratique/vos-demarches/,https://gnau42.operis.fr/paysfontenayvendee/gnau,GNAU,8,56,false,false,false,true,false,false,false,false,2025-01-20,2025-07-21,false,false
2,Autorisations d'urbanisme - Bourneau,https://www.mairiedebourneau.fr/page/urbanisme,https://gnau42.operis.fr/paysfontenayvendee/gnau,Guichet Numérique des Autorisations d'Urbanisme,11,18,false,false,false,true,false,false,false,false,2025-01-12,2025-07-28,false,false
2,"Urbanisme : récapitulatif des cas usuels (demande, dépot, travaux, Cerfa, délai instruction....)",https://www.marsais-sainte-radegonde.fr/actualites/594105,https://gnau42.operis.fr/paysfontenayvendee/gnau/#/,https://gnau42.operis.fr/paysfontenayvendee/gnau/#/,5,18,false,false,false,true,false,false,false,false,2025-04-03,2025-06-05,false,true
2,Déclaration préalable de travaux (DP) - Saint-dye-sur-loire,https://www.saint-dye-sur-loire.fr/ma-mairie/urbanisme/declaration-prealable-de-travaux-dp/,https://gnau42.operis.fr/grandchambord/gnau,GNAU gnau42.operis.fr,7,90,false,false,false,true,false,false,false,false,2024-12-31,2025-07-22,false,false
2,Permis de construire - Saint-dye-sur-loire,https://www.saint-dye-sur-loire.fr/ma-mairie/urbanisme/permis-de-construire/,https://gnau42.operis.fr/grandchambord/gnau,GNAU gnau42.operis.fr,7,90,false,false,false,true,false,false,false,false,2025-01-02,2025-07-24,false,false
2,Téléprocédures – Salon La Tour,https://www.salonlatour.fr/teleprocedures/,https://gnau42.operis.fr/paysuzerche/gnau/#/,Guichet numérique autorisations urbanisme,3,21,false,false,false,true,false,false,false,false,2025-01-30,2025-08-06,false,false
1,Urbanisme & Environnement | Doix lès Fontaines,http://doixlesfontaines.com/doix-fontaines/urbanisme-environnement,https://gnau42.operis.fr/paysfontenayvendee/gnau,https://gnau42.operis.fr/paysfontenayvendee/gnau,3,100,false,false,false,true,false,false,false,false,2025-01-05,2025-07-27,false,false
1,Guichet Numérique des Autorisations d'urbanisme (GNAU) | Doix lès Fontaines,http://doixlesfontaines.com/urbanisme-environnement/guichet-numerique-autorisations-durbanisme-gnau,https://gnau42.operis.fr/paysfontenayvendee/gnau,https://gnau42.operis.fr/paysfontenayvendee/gnau,2,79,false,false,false,true,false,false,false,false,2025-01-15,2025-08-06,false,false
1,Urbanisme & Environnement | Doix lès Fontaines,http://www.doixlesfontaines.com/doix-fontaines/urbanisme-environnement,https://gnau42.operis.fr/paysfontenayvendee/gnau,https://gnau42.operis.fr/paysfontenayvendee/gnau,3,100,false,false,false,true,false,false,false,false,2025-01-17,2025-07-18,false,false
1,Guichet Unique des Autorisations d'Urbanisme - GNAU - Bienvenue à Foucherolles,http://www.foucherolles.fr/guichet-unique-des-autorisations-durbanisme-gnau/,https://gnau42.operis.fr/clerybetzouanne/gnau/#/,https://gnau42.operis.fr/clerybetzouanne/gnau/#/,4,50,false,false,false,true,false,false,false,false,2025-01-13,2025-08-04,false,false
1,Guichet Unique des Autorisations d'Urbanisme - GNAU - COURTEMAUX,https://courtemaux.fr/guichet-unique-des-autorisations-durbanisme-gnau/,https://gnau42.operis.fr/clerybetzouanne/gnau/#/,https://gnau42.operis.fr/clerybetzouanne/gnau/#/,4,59,false,false,false,true,false,false,false,false,2025-01-15,2025-08-05,false,false
1,Longèves – 85 Guichet Numérique des Autorisations d'Urbanisme (GNAU° - Longèves - 85,https://longeves85.fr/guichet-numerique-des-autorisations-durbanisme-gnau/,https://gnau42.operis.fr/paysfontenayvendee/gnau,https://gnau42.operis.fr/paysfontenayvendee/gnau,8,31,false,false,false,true,false,false,false,false,2025-01-24,2025-08-03,false,false
1,Guide des démarches - Le site officiel de la commune de Pers-en-Gâtinais,https://pers-en-gatinais.fr/fr/pg/2127283/guide-des-demarches-867,https://gnau42.operis.fr/clerybetzouanne/gnau/#/,Démarches en lignes d'urbanisme,4,29,false,false,false,true,false,false,false,false,2025-01-19,2025-07-21,false,false
1,Guichet Numérique des Autorisations d’Urbanisme (GNAU) - Mairie de Chantecoq 45320,https://www.chantecoq-mairie.fr/demarches-administratives/guichet-numerique-des-autorisations-durbanisme-gnau/,https://gnau42.operis.fr/clerybetzouanne/gnau/#/,Accès au guichet,7,103,false,false,false,true,false,false,false,false,2025-01-10,2025-07-28,false,false
1,Déclaration préalable de travaux - Crouy-sur-cosson,https://www.crouysurcosson.fr/mes-services-et-demarches/urbanisme/declaration-prealable-de-travaux/,https://gnau42.operis.fr/grandchambord/gnau/#/,Guichet Numérique des Autorisations d'Urbanisme gnau42.operis.fr,6,97,false,false,false,true,false,false,false,false,2023-10-06,2025-07-21,false,false
1,Permis d'aménager sur la commune de Crouy-sur-cosson,https://www.crouysurcosson.fr/mes-services-et-demarches/urbanisme/permis-damenager/,https://gnau42.operis.fr/grandchambord/gnau/#/,Guichet Numérique des Autorisations d'Urbanisme gnau42.operis.fr,6,85,false,false,false,true,false,false,false,false,2023-11-13,2025-07-20,false,false
1,Guichet Unique des Autorisations d'Urbanisme - GNAU - Bienvenue à Foucherolles,https://www.foucherolles.fr/guichet-unique-des-autorisations-durbanisme-gnau/,https://gnau42.operis.fr/clerybetzouanne/gnau/#/,https://gnau42.operis.fr/clerybetzouanne/gnau/#/,4,50,false,false,false,true,false,false,false,false,2025-01-07,2025-07-30,false,false
1,Les règles d'urbanisme sur le territoire - Marsais-Sainte-Radégonde,https://www.marsais-sainte-radegonde.fr/page/quelques-regles-durbanisme-sur-le-territoire,https://gnau42.operis.fr/paysfontenayvendee/gnau/#/,GUICHET numérique DES AUTORISATIONS D'URBANISME,5,19,false,false,false,true,false,false,false,false,2024-09-06,2025-06-05,false,true
1,Guide des démarches - Le site officiel de la commune de Pers-en-Gâtinais,https://www.pers-en-gatinais.fr/fr/pg/2127283/guide-des-demarches-867,https://gnau42.operis.fr/clerybetzouanne/gnau/#/,Démarches en lignes d'urbanisme,4,29,false,false,false,true,false,false,false,false,2025-02-07,2025-07-24,false,false
1,Urbanisme - Puy-De-Serre,https://www.puydeserre.fr/page/urbanisme,https://gnau42.operis.fr/paysfontenayvendee/gnau,Accès au service,5,19,false,false,false,true,false,false,false,false,2025-01-07,2025-07-29,false,false
0,Nouveauté : Guichet numérique des autorisations d’urbanisme (GNAU) | Bienvenue sur le site web de Saint Mars Sur Colmont,http://saintmars.azurewebsites.net/actualit%C3%A9s/nouveaut%C3%A9-guichet-num%C3%A9rique-des-autorisations-d-urbanisme-gnau/,https://gnau42.operis.fr/bocagemayennais/gnau/,https://gnau42.operis.fr/bocagemayennais/gnau/,4,43,false,false,false,true,false,false,false,false,2024-06-04,2025-07-28,false,false
0,URBANISME | Benet,http://www.mairie-benet.fr/demarches-administratives/urbanisme,https://gnau42.operis.fr/paysfontenayvendee/gnau/#/,Connectez-vous au Guichet Numérique des Autorisations d'Urbanisme,9,56,false,false,false,true,false,false,false,false,2025-08-05,2025-08-05,true,false
0,Urbanisme | Benet,http://www.mairie-benet.fr/mes-demarches/urbanisme,https://gnau42.operis.fr/paysfontenayvendee/gnau/#/,Connectez-vous au Guichet Numérique des Autorisations d'Urbanisme,9,57,false,false,false,true,false,false,false,false,2025-08-04,2025-08-04,true,false
0,Www_ws - Formalités administratives,http://www.origne33.fr/formalites-administratives.html,https://gnau42.operis.fr/saintsymphorien/gnau/#/,https://gnau42.operis.fr/saintsymphorien/gnau/#/,19,30,false,false,false,true,false,false,false,false,2024-10-18,2025-08-02,false,false
0,Nouveauté : Guichet numérique des autorisations d’urbanisme (GNAU) | Bienvenue sur le site web de Saint Mars Sur Colmont,http://www.saintmarssurcolmont.fr/actualit%C3%A9s/nouveaut%C3%A9-guichet-num%C3%A9rique-des-autorisations-d-urbanisme-gnau/,https://gnau42.operis.fr/bocagemayennais/gnau/,https://gnau42.operis.fr/bocagemayennais/gnau/,8,39,false,false,false,true,false,false,false,false,2024-05-21,2025-08-02,false,false
0,Urbanisme - La Chapelle Saint Martin en Plaine,https://lachapellesaintmartinenplaine.fr/urbanisme/,https://gnau42.operis.fr/grandchambord/gnau/?ref=Beauce#/,Accueil | Guichet Numérique des Autorisations d’Urbanisme (operis.fr),6,252,false,false,false,true,false,false,false,false,2024-12-25,2025-07-17,false,false
0,Urbanisme - La Chapelle Saint Martin en Plaine,https://lachapellesaintmartinenplaine.fr/urbanisme/,https://gnau42.operis.fr/grandchambord/gnau/?ref=Beauce#/,https://gnau42.operis.fr/grandchambord/gnau/?ref=Beauce#/,6,263,false,false,false,true,false,false,false,false,2025-08-06,2025-08-06,true,false
0,Vie pratique - Les Velluire sur Vendée,https://les-velluire-sur-vendee.fr/mairie-des-velluire-sur-vendee/vie-pratique/,https://gnau42.operis.fr/paysfontenayvendee/gnau/#/,https://gnau42.operis.fr/paysfontenayvendee/gnau/#/,13,41,false,false,false,true,false,false,false,false,2024-10-23,2025-07-26,false,false
0,Démarches urbanisme - Mairie de Saint Cyr-des-Gâts,https://st-cyr-des-gats.fr/informations-demarches-urbanisme/,https://gnau42.operis.fr/paysfontenayvendee/gnau,Accéder au Guichet Numérique,12,32,false,false,false,true,false,false,false,false,2024-10-29,2025-07-06,false,false
0,Fermeture du secrétariat de la mairie - Commune d'Ervauville,https://www.commune-ervauville.fr/fr/nw/2097214/2075569/fermeture-du-secretariat-de-la-mairie-2,https://gnau42.operis.fr/clerybetzouanne/gnau/#/,Guichet Numérique des Autorisations d’Urbanisme (GNAU),3,40,false,false,false,true,false,false,false,false,2025-03-09,2025-03-09,false,false
0,Journée Portes Ouvertes - Commune d'Ervauville,https://www.commune-ervauville.fr/fr/nw/2097214/2399074/journee-portes-ouvertes-4,https://gnau42.operis.fr/clerybetzouanne/gnau/#/,Guichet Numérique des Autorisations d’Urbanisme (GNAU),3,40,false,false,false,true,false,false,false,false,2025-03-09,2025-03-18,false,false
0,"Urbanisme : récapitulatif des cas usuels (demande, dépot, travaux, Cerfa, délai instruction....)",https://www.mairie-msr.fr/actualites/594105,https://gnau42.operis.fr/paysfontenayvendee/gnau/#/,https://gnau42.operis.fr/paysfontenayvendee/gnau/#/,5,18,false,false,false,true,false,false,false,false,2025-07-04,2025-08-02,false,false
0,Les règles d'urbanisme sur le territoire - Marsais-Sainte-Radégonde,https://www.mairie-msr.fr/page/quelques-regles-durbanisme-sur-le-territoire,https://gnau42.operis.fr/paysfontenayvendee/gnau/#/,GUICHET numérique DES AUTORISATIONS D'URBANISME,5,19,false,false,false,true,false,false,false,false,2025-06-20,2025-08-04,false,false
0,Www_ws - Formalités administratives,https://www.origne33.fr/formalites-administratives.html,https://gnau42.operis.fr/saintsymphorien/gnau/#/,https://gnau42.operis.fr/saintsymphorien/gnau/#/,19,30,false,false,false,true,false,false,false,false,2024-10-23,2025-07-26,false,false
